Original Question,Rephrased Variants
Hello, I am Checker I want to help you with your health questions.
Hi, I am Checker I want to help you with your health questions. 
Good morning, I am Checker I want to help you with your health questions. 
Thank you, Thank you for using our chatbot
Bye, Thank your for using out chatbot
"I've had a persistent headache for three days, along with blurred vision. Should I be concerned?",What does it mean if I have a headache for several days and blurry vision?
Why do I feel dizzy with a headache that won't go away?,Persistent headaches with blurred vision could indicate migraines or other conditions. Seek medical attention if symptoms persist or worsen.
"I woke up with a sore throat, and it hurts when I swallow. I also have a fever. What could this be?",Is a sore throat with fever a sign of strep throat?
"Why does my throat hurt when swallowing, and I have a fever?","A sore throat with fever may indicate strep throat or the flu. Rest, hydrate, and consult a doctor if symptoms worsen or persist beyond 48 hours."
I've been experiencing stomach pain and nausea after eating certain foods. What could be the cause?,Why do I feel nauseous after meals?
What causes stomach pain after eating specific foods?,"This could be due to food intolerances, gastritis, or acid reflux. Keep a food diary to identify triggers and consult a doctor for further evaluation."
I have a rash that's itchy and red after using new laundry detergent. Is this an allergic reaction?,Could my detergent be causing my rash?
Why is my skin itchy after using new soap or detergent?,"This may be an allergic reaction to chemicals in the detergent. Stop using it, apply anti-itch cream, and see a dermatologist if symptoms persist."
"I've been feeling extremely tired and have no energy, even after getting enough sleep.",Why am I so fatigued despite sleeping well?
What could cause chronic tiredness and low energy levels?,"Chronic fatigue can result from stress, anemia, thyroid issues, or sleep disorders. Consult your doctor for blood tests and further investigation."
"What are the early signs and symptoms of diabetes, and who is most at risk?",How can I tell if I might have diabetes?
What are common warning signs of diabetes?,"Early signs include increased thirst, frequent urination, fatigue, blurred vision, and slow-healing wounds. Risk factors include obesity and family history of diabetes."
How can I improve my sleep habits and get more restful sleep?,What are tips for better sleep quality?
How do I fix bad sleeping patterns?,"Stick to a consistent sleep schedule, avoid caffeine before bed, create a relaxing bedtime routine, and limit screen time in the evening."
What are the best exercises for improving cardiovascular health?,How can I keep my heart healthy through exercise?
What types of workouts benefit heart health the most?,"Aerobic exercises like walking, running, swimming, or cycling are excellent for heart health. Aim for at least 150 minutes of moderate exercise per week."
What are some effective ways to manage stress and anxiety?,How can I reduce stress in my daily life?
What are good strategies for dealing with anxiety?,"Practice mindfulness techniques like meditation or yoga, exercise regularly, maintain social connections, and consider therapy if needed."
"What is the recommended daily intake of vitamins and minerals, and what foods provide these nutrients?",How much vitamin C should I take daily?
Which foods are rich in essential nutrients like iron or calcium?,"Recommendations vary by age/gender but include Vitamin C (75-90 mg/day), Iron (8-18 mg/day), Calcium (1000 mg/day). Foods: citrus fruits (Vitamin C), spinach (Iron), dairy (Calcium)."
"If I start experiencing chest pain, what are the critical steps I should take immediately?",Is chest pain always serious? What should I do about it right away?
When should chest pain be treated as an emergency?,Chest pain can indicate serious conditions like heart attacks. Call emergency services immediately if you experience severe pain or symptoms like shortness of breath or sweating.
"What are the potential side effects of the flu vaccine, and how long do they typically last?",Can flu shots make you feel sick? What side effects should I expect?
Are flu vaccine side effects common or rare?,"Common side effects include soreness at the injection site, mild fever, or fatigue lasting 1-2 days. Rarely, severe allergic reactions may occur; consult your doctor if concerned."
How often should I get a check-up with my doctor? What tests are typically included?,When should adults schedule routine check-ups?
How frequently should blood tests or screenings be done for general health?,"Adults should get annual check-ups unless otherwise advised by their doctor. Routine tests may include blood pressure checks, cholesterol tests, and general bloodwork panels."
What are some reliable sources for accurate medical information online?,Where can I find trustworthy health information on the internet?
Which websites provide reliable medical advice safely online?,"Trusted sources include Mayo Clinic (mayoclinic.org), WHO (who.int), CDC (cdc.gov), and NHS (nhs.uk). Always verify information with healthcare professionals before acting on it."
What should I do to prepare for a diagnostic appointment like a blood test or MRI scan?,How do I get ready for lab work or imaging tests at the hospital?
Are there specific steps to follow before an MRI scan?,Follow any fasting instructions given by your doctor for blood tests. For MRI scans: remove metal objects/jewelry and inform staff of any implants like pacemakers beforehand.
"General Health:""What lifestyle changes can I make to lower my risk of heart disease?",How can I reduce my chances of getting heart problems through my lifestyle?
What are the most effective lifestyle choices for heart health?,"Making lifestyle changes such as maintaining a healthy diet, exercising regularly, quitting smoking, and managing stress can significantly lower your risk of heart disease."
"General Health:""Are there any natural remedies to help improve my immune system?",How can I naturally boost my immunity?
What natural methods strengthen the immune system?,"Getting enough sleep, eating a balanced diet rich in fruits and vegetables, exercising, and reducing stress can help improve your immune system. Consider consulting a healthcare provider for personalized advice."
"General Health:""I'm trying to lose weight. What are some realistic diet and exercise tips for beginners?",What's a good starting point for dieting and exercising to lose weight?
How do beginners approach a weight loss plan effectively?,"Start with small changes like reducing sugary drinks, increasing your intake of vegetables, and incorporating 30 minutes of moderate exercise into your routine. Consult with a registered dietitian or personal trainer for customized advice."
"Mental Health Support:""What steps can I take to manage my anxiety without medication?",What are non-medication options for treating anxiety?
"Can I handle my anxiety without drugs? If so, how?","Practice relaxation techniques such as deep breathing or progressive muscle relaxation, maintain a consistent sleep schedule, and exercise regularly. If anxiety persists, consider cognitive-behavioral therapy (CBT). Consult with a mental health professional for guidance."
"Mental Health Support:""How can I support a friend who is struggling with depression?",What are ways to help someone going through depression?
How can you provide helpful support to a depressed friend or family member?,"Listen actively, offer encouragement, and help them seek professional help. Be patient and understanding. Avoid giving unsolicited advice. Suggest activities you can do together. Let them know they are not alone."
"Mental Health Support:""What are the differences between anxiety and panic attacks, and how should I respond to each?",What are the distinct features of anxiety and panic attacks? How should I respond to each?
How do anxiety and panic attacks differ in symptoms and what support is needed for each?,"Anxiety attacks involve persistent worry and tension, while panic attacks are sudden episodes of intense fear. Both require support, but panic attacks necessitate immediate comfort and reassurance. Consult with a mental health provider for tailored coping strategies."
"Post-Treatment Care:""What are some effective strategies to manage chronic pain after surgery?",What are reliable methods for dealing with chronic pain following an operation?
How can long-term pain be handled post-surgery?,"Explore options such as physical therapy, pain medications (as prescribed by your doctor), acupuncture, and mindfulness techniques. Consult with a pain management specialist to develop a comprehensive plan."
"Post-Treatment Care:""What exercises are safe to do at home after a stroke to improve mobility?",What home exercises are beneficial for post-stroke mobility?
Can I improve movement at home after suffering from a stroke?,"Consult with a physical therapist before starting any exercise program. Recommended exercises may include range-of-motion exercises, stretching, and gentle strengthening exercises. Ensure a safe environment and avoid overexertion."
"Post-Treatment Care:""What are some tips for managing fatigue after cancer treatment?",What can I do to alleviate cancer-related fatigue?
How do I deal with post-cancer treatment exhaustion effectively?,"Get regular gentle exercise, prioritize sleep, eat a balanced diet, and manage stress. Consider supportive therapies such as yoga or massage. Communicate with your healthcare team about persistent fatigue."
"Chronic Condition Management:""What should I do during an asthma attack if my inhaler isn't providing relief?",What steps should I take during an asthma attack if my inhaler isn't working?
What is the best course of action if my rescue inhaler fails to ease an asthma attack?,"Seek immediate medical attention. Call emergency services or go to the nearest hospital. While waiting, try to stay calm and follow your asthma action plan."
"Chronic Condition Management:""How can I manage my blood sugar levels if I have type 2 diabetes without medication?",What are non-medication methods to control blood sugar with type 2 diabetes?
How can I naturally manage my blood sugar levels with type 2 diabetes?,"Follow a consistent meal plan, exercise regularly, monitor blood sugar levels, and manage stress. Consult with a registered dietitian or diabetes educator for personalized guidance."
"Chronic Condition Management:""What are effective ways to reduce inflammation in the body with rheumatoid arthritis?",How can I lower inflammation due to rheumatoid arthritis?
How can I naturally reduce inflammation in my body to relieve rheumatoid arthritis symptoms?,"Follow an anti-inflammatory diet rich in omega-3 fatty acids, exercise regularly, manage stress, and get adequate sleep. Consult with a rheumatologist for medication options."
I've had a persistent headache for three days. Should I be concerned?,I have a headache that won't go away. Is this serious?
What does it mean if my headache lasts for days?,"Persistent headaches can indicate various conditions. If it continues or worsens, consult a healthcare professional."
I woke up with a sore throat and fever. What could this be?,My throat hurts and I have a fever. What should I do?
Is a sore throat with fever a sign of something serious?,"This could be a sign of an infection like strep throat or the flu. Rest, hydrate, and seek medical advice if symptoms persist."
I've been feeling nauseous after eating certain foods. What should I do?,Why do I feel sick after meals?
What causes nausea after eating?,Nausea can result from food intolerances or gastrointestinal issues. Keep a food diary and consult a doctor if it continues.
I have an itchy rash after using a new soap. What could it be?,Could my new soap be causing my rash?
Why is my skin reacting to this soap?,This may be an allergic reaction to an ingredient in the soap. Discontinue use and consult a dermatologist if it worsens.
"I've been extremely tired lately, even after sleeping well.",Why am I so fatigued despite getting enough sleep?
What could cause chronic fatigue?,"Chronic fatigue can stem from various issues, including stress or anemia. Consult your doctor for further evaluation."
What are the symptoms of diabetes?,How can I tell if I have diabetes?
What should I look for regarding diabetes symptoms?,"Common symptoms include increased thirst, frequent urination, extreme fatigue, and blurred vision. Consult a doctor for testing."
How can I improve my sleep quality?,What are some tips for better sleep?
How do I get more restful sleep at night?,"To improve sleep quality, establish a regular sleep schedule, create a relaxing bedtime routine, and limit screen time before bed."
What exercises are best for heart health?,How can I keep my heart healthy through exercise?
What types of workouts benefit heart health?,"Aerobic exercises like walking, running, swimming, and cycling are excellent for heart health. Aim for at least 150 minutes per week."
What should I do if I experience chest pain?,Is chest pain always serious? What should I do about it?
When should I seek help for chest pain?,Chest pain can indicate serious conditions like heart problems. Seek immediate medical attention if you experience severe or persistent chest pain.
Are there side effects to the flu vaccine?,What can happen after getting the flu shot?
Is it normal to feel sick after the flu vaccine?,"Common side effects include soreness at the injection site, mild fever, or fatigue. Serious side effects are rare but possible; consult your doctor if concerned."
How often should I have check-ups with my doctor?,When is it necessary to see my doctor for routine visits?
How frequently should adults get check-ups?,Adults should generally have check-ups annually or as recommended by their healthcare provider based on individual health needs.
